user_id,email,country_code,signup_channel,kyc_status,created_at,updated_at
1,user1@example.com,NG,paid_ad,verified,2026-02-13T05:40:50+00:00,2026-02-13T05:40:50+00:00
2,user2@example.com,IN,organic,pending,2026-04-06T02:33:27+00:00,2026-04-06T02:33:27+00:00
3,user3@example.com,US,paid_ad,verified,2026-07-31T19:11:04+00:00,2026-07-31T19:11:04+00:00
4,user4@example.com,NG,organic,verified,2026-01-13T08:14:09+00:00,2026-01-13T08:14:09+00:00
5,user5@example.com,ID,paid_ad,pending,2026-04-01T08:33:24+00:00,2026-04-01T08:33:24+00:00
6,user6@example.com,IN,paid_ad,rejected,2026-08-06T23:10:59+00:00,2026-08-06T23:10:59+00:00
7,user7@example.com,IN,referral,rejected,2026-06-12T22:12:29+00:00,2026-06-12T22:12:29+00:00
8,user8@example.com,NG,organic,verified,2026-04-19T00:55:31+00:00,2026-04-19T00:55:31+00:00
9,user9@example.com,PH,organic,verified,2026-05-13T03:21:52+00:00,2026-05-13T03:21:52+00:00
10,user10@example.com,US,organic,verified,2026-05-11T17:17:18+00:00,2026-05-11T17:17:18+00:00
11,user11@example.com,KE,referral,rejected,2026-02-07T13:27:43+00:00,2026-02-07T13:27:43+00:00
12,user12@example.com,NG,paid_ad,verified,2026-04-13T17:30:47+00:00,2026-04-13T17:30:47+00:00
13,user13@example.com,US,referral,pending,2026-07-28T06:00:29+00:00,2026-07-28T06:00:29+00:00
14,user14@example.com,PH,paid_ad,rejected,2026-08-03T09:23:29+00:00,2026-08-03T09:23:29+00:00
15,user15@example.com,ZA,organic,pending,2026-05-21T10:40:57+00:00,2026-05-21T10:40:57+00:00
16,user16@example.com,IN,referral,pending,2026-01-18T19:06:51+00:00,2026-01-18T19:06:51+00:00
17,user17@example.com,US,referral,verified,2026-04-01T09:46:05+00:00,2026-04-01T09:46:05+00:00
18,user18@example.com,KE,organic,verified,2026-06-26T02:05:25+00:00,2026-06-26T02:05:25+00:00
19,user19@example.com,IN,paid_ad,verified,2026-05-18T23:21:46+00:00,2026-05-18T23:21:46+00:00
20,user20@example.com,ZA,paid_ad,verified,2026-01-28T17:31:10+00:00,2026-01-28T17:31:10+00:00
21,user21@example.com,IN,organic,verified,2026-07-27T10:32:40+00:00,2026-07-27T10:32:40+00:00
22,user22@example.com,PH,paid_ad,rejected,2026-05-28T08:46:51+00:00,2026-05-28T08:46:51+00:00
23,user23@example.com,KE,organic,verified,2026-03-27T06:57:42+00:00,2026-03-27T06:57:42+00:00
24,user24@example.com,KE,referral,verified,2026-01-13T11:11:45+00:00,2026-01-13T11:11:45+00:00
25,user25@example.com,IN,paid_ad,verified,2026-01-26T16:55:21+00:00,2026-01-26T16:55:21+00:00
26,user26@example.com,BR,referral,verified,2026-03-24T13:49:22+00:00,2026-03-24T13:49:22+00:00
27,user27@example.com,PH,organic,verified,2026-02-25T11:39:35+00:00,2026-02-25T11:39:35+00:00
28,user28@example.com,ID,referral,rejected,2026-08-07T00:19:48+00:00,2026-08-07T00:19:48+00:00
29,user29@example.com,ZA,referral,verified,2026-06-16T09:17:33+00:00,2026-06-16T09:17:33+00:00
30,user30@example.com,GB,paid_ad,verified,2026-03-27T04:13:03+00:00,2026-03-27T04:13:03+00:00
31,user31@example.com,NG,organic,verified,2026-02-05T07:20:13+00:00,2026-02-05T07:20:13+00:00
32,user32@example.com,VN,paid_ad,pending,2026-03-04T03:08:25+00:00,2026-03-04T03:08:25+00:00
33,user33@example.com,VN,paid_ad,verified,2026-05-30T10:17:28+00:00,2026-05-30T10:17:28+00:00
34,user34@example.com,PH,paid_ad,pending,2026-07-25T11:42:11+00:00,2026-07-25T11:42:11+00:00
35,user35@example.com,ID,referral,verified,2026-02-14T11:41:58+00:00,2026-02-14T11:41:58+00:00
36,user36@example.com,PH,referral,verified,2026-02-13T07:44:29+00:00,2026-02-13T07:44:29+00:00
37,user37@example.com,NG,paid_ad,verified,2026-06-26T05:00:41+00:00,2026-06-26T05:00:41+00:00
38,user38@example.com,GB,paid_ad,pending,2026-07-14T09:48:02+00:00,2026-07-14T09:48:02+00:00
39,user39@example.com,PH,paid_ad,rejected,2026-08-31T20:13:12+00:00,2026-08-31T20:13:12+00:00
40,user40@example.com,IN,organic,verified,2026-08-25T12:00:49+00:00,2026-08-25T12:00:49+00:00
41,user41@example.com,ID,paid_ad,pending,2026-03-04T17:44:46+00:00,2026-03-04T17:44:46+00:00
42,user42@example.com,KE,referral,pending,2026-08-21T14:34:05+00:00,2026-08-21T14:34:05+00:00
43,user43@example.com,KE,referral,verified,2026-02-13T10:40:57+00:00,2026-02-13T10:40:57+00:00
44,user44@example.com,IN,paid_ad,pending,2026-01-23T11:54:06+00:00,2026-01-23T11:54:06+00:00
45,user45@example.com,BR,organic,rejected,2026-02-03T06:20:52+00:00,2026-02-03T06:20:52+00:00
46,user46@example.com,GB,paid_ad,verified,2026-02-18T20:10:22+00:00,2026-02-18T20:10:22+00:00
47,user47@example.com,GB,referral,rejected,2026-08-02T12:32:27+00:00,2026-08-02T12:32:27+00:00
48,user48@example.com,VN,organic,rejected,2026-08-24T13:51:54+00:00,2026-08-24T13:51:54+00:00
49,user49@example.com,PH,referral,verified,2026-03-20T02:51:49+00:00,2026-03-20T02:51:49+00:00
50,user50@example.com,ID,referral,pending,2026-06-20T03:23:19+00:00,2026-06-20T03:23:19+00:00
51,user51@example.com,IN,organic,verified,2026-04-07T06:38:52+00:00,2026-04-07T06:38:52+00:00
52,user52@example.com,ZA,paid_ad,verified,2026-01-09T04:03:12+00:00,2026-01-09T04:03:12+00:00
53,user53@example.com,IN,organic,pending,2026-08-17T12:39:33+00:00,2026-08-17T12:39:33+00:00
54,user54@example.com,IN,organic,pending,2026-01-23T20:44:35+00:00,2026-01-23T20:44:35+00:00
55,user55@example.com,US,paid_ad,verified,2026-05-09T07:49:00+00:00,2026-05-09T07:49:00+00:00
56,user56@example.com,BR,organic,rejected,2026-04-19T03:35:46+00:00,2026-04-19T03:35:46+00:00
57,user57@example.com,ZA,paid_ad,verified,2026-02-21T09:14:08+00:00,2026-02-21T09:14:08+00:00
58,user58@example.com,BR,referral,verified,2026-04-05T08:53:54+00:00,2026-04-05T08:53:54+00:00
59,user59@example.com,US,paid_ad,verified,2026-02-06T15:10:48+00:00,2026-02-06T15:10:48+00:00
60,user60@example.com,VN,referral,verified,2026-05-18T14:17:33+00:00,2026-05-18T14:17:33+00:00
61,user61@example.com,US,organic,verified,2026-01-22T00:54:43+00:00,2026-01-22T00:54:43+00:00
62,user62@example.com,US,organic,verified,2026-05-12T18:31:46+00:00,2026-05-12T18:31:46+00:00
63,user63@example.com,ID,referral,verified,2026-03-15T20:52:31+00:00,2026-03-15T20:52:31+00:00
64,user64@example.com,GB,referral,verified,2026-06-13T20:13:18+00:00,2026-06-13T20:13:18+00:00
65,user65@example.com,US,referral,rejected,2026-04-08T00:21:53+00:00,2026-04-08T00:21:53+00:00
66,user66@example.com,NG,paid_ad,rejected,2026-02-08T00:34:31+00:00,2026-02-08T00:34:31+00:00
67,user67@example.com,US,organic,verified,2026-01-06T17:33:11+00:00,2026-01-06T17:33:11+00:00
68,user68@example.com,BR,referral,verified,2026-06-07T20:03:12+00:00,2026-06-07T20:03:12+00:00
69,user69@example.com,NG,organic,verified,2026-06-05T17:57:59+00:00,2026-06-05T17:57:59+00:00
70,user70@example.com,VN,referral,verified,2026-01-01T20:05:22+00:00,2026-01-01T20:05:22+00:00
71,user71@example.com,VN,paid_ad,rejected,2026-04-21T18:42:55+00:00,2026-04-21T18:42:55+00:00
72,user72@example.com,GB,organic,verified,2026-07-09T00:06:22+00:00,2026-07-09T00:06:22+00:00
73,user73@example.com,NG,paid_ad,rejected,2026-03-26T13:07:09+00:00,2026-03-26T13:07:09+00:00
74,user74@example.com,KE,organic,pending,2026-01-24T16:09:56+00:00,2026-01-24T16:09:56+00:00
75,user75@example.com,BR,paid_ad,rejected,2026-08-15T20:55:47+00:00,2026-08-15T20:55:47+00:00
76,user76@example.com,NG,paid_ad,pending,2026-03-03T03:22:45+00:00,2026-03-03T03:22:45+00:00
77,user77@example.com,US,paid_ad,pending,2026-03-14T04:00:51+00:00,2026-03-14T04:00:51+00:00
78,user78@example.com,VN,organic,rejected,2026-04-02T08:15:33+00:00,2026-04-02T08:15:33+00:00
79,user79@example.com,ZA,paid_ad,pending,2026-04-06T14:53:36+00:00,2026-04-06T14:53:36+00:00
80,user80@example.com,US,referral,rejected,2026-08-29T13:03:14+00:00,2026-08-29T13:03:14+00:00
81,user81@example.com,ID,referral,verified,2026-08-08T12:17:48+00:00,2026-08-08T12:17:48+00:00
82,user82@example.com,KE,organic,verified,2026-03-21T07:50:01+00:00,2026-03-21T07:50:01+00:00
83,user83@example.com,GB,paid_ad,verified,2026-06-03T16:59:29+00:00,2026-06-03T16:59:29+00:00
84,user84@example.com,KE,organic,pending,2026-06-27T13:38:30+00:00,2026-06-27T13:38:30+00:00
85,user85@example.com,ZA,paid_ad,pending,2026-06-27T23:31:50+00:00,2026-06-27T23:31:50+00:00
86,user86@example.com,ID,organic,rejected,2026-01-29T10:50:21+00:00,2026-01-29T10:50:21+00:00
87,user87@example.com,GB,referral,pending,2026-04-13T23:50:49+00:00,2026-04-13T23:50:49+00:00
88,user88@example.com,KE,referral,verified,2026-04-05T20:53:44+00:00,2026-04-05T20:53:44+00:00
89,user89@example.com,ID,paid_ad,verified,2026-06-20T04:10:34+00:00,2026-06-20T04:10:34+00:00
90,user90@example.com,ID,organic,rejected,2026-08-26T13:14:59+00:00,2026-08-26T13:14:59+00:00
91,user91@example.com,US,organic,verified,2026-04-27T06:24:43+00:00,2026-04-27T06:24:43+00:00
92,user92@example.com,US,paid_ad,rejected,2026-02-14T19:52:23+00:00,2026-02-14T19:52:23+00:00
93,user93@example.com,PH,referral,rejected,2026-03-02T08:52:46+00:00,2026-03-02T08:52:46+00:00
94,user94@example.com,KE,organic,verified,2026-03-23T19:12:38+00:00,2026-03-23T19:12:38+00:00
95,user95@example.com,BR,referral,pending,2026-07-16T06:45:13+00:00,2026-07-16T06:45:13+00:00
96,user96@example.com,VN,referral,pending,2026-02-05T20:17:02+00:00,2026-02-05T20:17:02+00:00
97,user97@example.com,KE,organic,verified,2026-01-02T09:02:53+00:00,2026-01-02T09:02:53+00:00
98,user98@example.com,BR,paid_ad,verified,2026-03-04T18:03:11+00:00,2026-03-04T18:03:11+00:00
99,user99@example.com,NG,organic,pending,2026-08-06T20:01:51+00:00,2026-08-06T20:01:51+00:00
100,user100@example.com,ID,organic,verified,2026-02-27T21:17:11+00:00,2026-02-27T21:17:11+00:00
101,user101@example.com,ID,organic,verified,2026-08-15T05:22:57+00:00,2026-08-15T05:22:57+00:00
102,user102@example.com,NG,referral,verified,2026-02-19T11:52:42+00:00,2026-02-19T11:52:42+00:00
103,user103@example.com,KE,organic,verified,2026-01-16T11:50:49+00:00,2026-01-16T11:50:49+00:00
104,user104@example.com,KE,paid_ad,verified,2026-02-09T22:06:21+00:00,2026-02-09T22:06:21+00:00
105,user105@example.com,GB,organic,verified,2026-08-30T00:59:04+00:00,2026-08-30T00:59:04+00:00
106,user106@example.com,VN,organic,verified,2026-03-10T18:14:51+00:00,2026-03-10T18:14:51+00:00
107,user107@example.com,VN,paid_ad,verified,2026-05-10T00:11:34+00:00,2026-05-10T00:11:34+00:00
108,user108@example.com,GB,paid_ad,pending,2026-04-14T14:48:34+00:00,2026-04-14T14:48:34+00:00
109,user109@example.com,NG,referral,verified,2026-05-29T13:32:50+00:00,2026-05-29T13:32:50+00:00
110,user110@example.com,BR,referral,verified,2026-03-19T12:09:12+00:00,2026-03-19T12:09:12+00:00
111,user111@example.com,IN,organic,verified,2026-03-30T09:20:37+00:00,2026-03-30T09:20:37+00:00
112,user112@example.com,KE,referral,pending,2026-06-04T17:58:19+00:00,2026-06-04T17:58:19+00:00
113,user113@example.com,KE,paid_ad,rejected,2026-04-19T09:38:00+00:00,2026-04-19T09:38:00+00:00
114,user114@example.com,ID,referral,pending,2026-06-05T05:16:21+00:00,2026-06-05T05:16:21+00:00
115,user115@example.com,PH,organic,rejected,2026-02-14T19:03:46+00:00,2026-02-14T19:03:46+00:00
116,user116@example.com,NG,organic,rejected,2026-04-14T02:19:33+00:00,2026-04-14T02:19:33+00:00
117,user117@example.com,KE,paid_ad,verified,2026-06-18T18:25:40+00:00,2026-06-18T18:25:40+00:00
118,user118@example.com,ZA,paid_ad,pending,2026-06-19T11:29:08+00:00,2026-06-19T11:29:08+00:00
119,user119@example.com,ZA,organic,verified,2026-05-30T14:16:53+00:00,2026-05-30T14:16:53+00:00
120,user120@example.com,VN,organic,rejected,2026-01-18T05:42:44+00:00,2026-01-18T05:42:44+00:00
121,user121@example.com,IN,referral,verified,2026-07-29T02:44:10+00:00,2026-07-29T02:44:10+00:00
122,user122@example.com,KE,paid_ad,verified,2026-01-28T04:12:11+00:00,2026-01-28T04:12:11+00:00
123,user123@example.com,PH,paid_ad,verified,2026-02-18T09:35:31+00:00,2026-02-18T09:35:31+00:00
124,user124@example.com,KE,referral,verified,2026-06-08T14:29:52+00:00,2026-06-08T14:29:52+00:00
125,user125@example.com,GB,organic,verified,2026-08-04T07:29:55+00:00,2026-08-04T07:29:55+00:00
126,user126@example.com,GB,paid_ad,rejected,2026-05-28T05:53:24+00:00,2026-05-28T05:53:24+00:00
127,user127@example.com,VN,paid_ad,pending,2026-04-27T21:03:22+00:00,2026-04-27T21:03:22+00:00
128,user128@example.com,PH,organic,verified,2026-04-29T00:19:11+00:00,2026-04-29T00:19:11+00:00
129,user129@example.com,ZA,paid_ad,verified,2026-08-14T05:50:59+00:00,2026-08-14T05:50:59+00:00
130,user130@example.com,BR,referral,verified,2026-06-30T14:00:14+00:00,2026-06-30T14:00:14+00:00
131,user131@example.com,BR,paid_ad,verified,2026-07-18T12:29:13+00:00,2026-07-18T12:29:13+00:00
132,user132@example.com,PH,paid_ad,rejected,2026-02-02T22:21:06+00:00,2026-02-02T22:21:06+00:00
133,user133@example.com,US,organic,verified,2026-05-11T04:10:51+00:00,2026-05-11T04:10:51+00:00
134,user134@example.com,IN,organic,pending,2026-03-29T05:48:09+00:00,2026-03-29T05:48:09+00:00
135,user135@example.com,IN,referral,rejected,2026-01-18T22:44:35+00:00,2026-01-18T22:44:35+00:00
136,user136@example.com,BR,referral,rejected,2026-01-29T06:48:29+00:00,2026-01-29T06:48:29+00:00
137,user137@example.com,VN,referral,verified,2026-03-17T12:16:03+00:00,2026-03-17T12:16:03+00:00
138,user138@example.com,GB,paid_ad,pending,2026-04-05T18:05:59+00:00,2026-04-05T18:05:59+00:00
139,user139@example.com,VN,organic,verified,2026-02-11T09:27:56+00:00,2026-02-11T09:27:56+00:00
140,user140@example.com,BR,organic,rejected,2026-07-21T03:42:58+00:00,2026-07-21T03:42:58+00:00
141,user141@example.com,US,referral,verified,2026-04-07T18:41:46+00:00,2026-04-07T18:41:46+00:00
142,user142@example.com,ID,paid_ad,rejected,2026-06-30T10:47:19+00:00,2026-06-30T10:47:19+00:00
143,user143@example.com,BR,paid_ad,rejected,2026-05-04T05:25:52+00:00,2026-05-04T05:25:52+00:00
144,user144@example.com,ID,referral,verified,2026-06-15T17:30:43+00:00,2026-06-15T17:30:43+00:00
145,user145@example.com,BR,referral,verified,2026-07-04T08:17:11+00:00,2026-07-04T08:17:11+00:00
146,user146@example.com,ID,referral,verified,2026-04-18T16:43:44+00:00,2026-04-18T16:43:44+00:00
147,user147@example.com,BR,organic,verified,2026-04-17T15:26:01+00:00,2026-04-17T15:26:01+00:00
148,user148@example.com,PH,referral,verified,2026-04-02T01:38:18+00:00,2026-04-02T01:38:18+00:00
149,user149@example.com,US,organic,verified,2026-07-29T18:35:01+00:00,2026-07-29T18:35:01+00:00
150,user150@example.com,VN,paid_ad,verified,2026-03-31T19:30:47+00:00,2026-03-31T19:30:47+00:00
151,user151@example.com,US,referral,verified,2026-03-25T02:11:07+00:00,2026-03-25T02:11:07+00:00
152,user152@example.com,ID,referral,verified,2026-05-09T12:02:17+00:00,2026-05-09T12:02:17+00:00
153,user153@example.com,IN,referral,verified,2026-01-25T04:21:30+00:00,2026-01-25T04:21:30+00:00
154,user154@example.com,NG,paid_ad,verified,2026-08-15T20:00:52+00:00,2026-08-15T20:00:52+00:00
155,user155@example.com,NG,referral,verified,2026-07-05T05:46:24+00:00,2026-07-05T05:46:24+00:00
156,user156@example.com,VN,paid_ad,rejected,2026-06-01T10:56:20+00:00,2026-06-01T10:56:20+00:00
157,user157@example.com,IN,referral,verified,2026-08-23T06:43:17+00:00,2026-08-23T06:43:17+00:00
158,user158@example.com,VN,referral,pending,2026-04-16T23:56:29+00:00,2026-04-16T23:56:29+00:00
159,user159@example.com,KE,paid_ad,verified,2026-06-01T00:24:42+00:00,2026-06-01T00:24:42+00:00
160,user160@example.com,BR,organic,rejected,2026-03-06T02:19:42+00:00,2026-03-06T02:19:42+00:00
161,user161@example.com,NG,referral,rejected,2026-07-27T10:23:35+00:00,2026-07-27T10:23:35+00:00
162,user162@example.com,NG,organic,verified,2026-08-08T04:30:52+00:00,2026-08-08T04:30:52+00:00
163,user163@example.com,BR,organic,pending,2026-02-22T16:48:39+00:00,2026-02-22T16:48:39+00:00
164,user164@example.com,VN,referral,verified,2026-04-12T00:49:57+00:00,2026-04-12T00:49:57+00:00
165,user165@example.com,KE,referral,verified,2026-06-26T14:06:17+00:00,2026-06-26T14:06:17+00:00
166,user166@example.com,VN,referral,pending,2026-04-19T01:32:22+00:00,2026-04-19T01:32:22+00:00
167,user167@example.com,NG,paid_ad,rejected,2026-07-02T15:34:38+00:00,2026-07-02T15:34:38+00:00
168,user168@example.com,KE,organic,pending,2026-01-21T05:28:22+00:00,2026-01-21T05:28:22+00:00
169,user169@example.com,NG,organic,verified,2026-01-16T15:13:58+00:00,2026-01-16T15:13:58+00:00
170,user170@example.com,ZA,organic,verified,2026-01-08T21:57:19+00:00,2026-01-08T21:57:19+00:00
171,user171@example.com,BR,paid_ad,pending,2026-02-19T00:27:53+00:00,2026-02-19T00:27:53+00:00
172,user172@example.com,IN,referral,verified,2026-08-08T00:34:38+00:00,2026-08-08T00:34:38+00:00
173,user173@example.com,GB,paid_ad,rejected,2026-05-24T06:21:08+00:00,2026-05-24T06:21:08+00:00
174,user174@example.com,GB,referral,pending,2026-02-14T11:31:25+00:00,2026-02-14T11:31:25+00:00
175,user175@example.com,NG,referral,rejected,2026-08-13T17:43:57+00:00,2026-08-13T17:43:57+00:00
176,user176@example.com,VN,paid_ad,verified,2026-05-26T18:06:51+00:00,2026-05-26T18:06:51+00:00
177,user177@example.com,ZA,paid_ad,verified,2026-01-30T12:20:18+00:00,2026-01-30T12:20:18+00:00
178,user178@example.com,PH,paid_ad,rejected,2026-02-09T13:47:20+00:00,2026-02-09T13:47:20+00:00
179,user179@example.com,ZA,organic,verified,2026-02-17T00:18:53+00:00,2026-02-17T00:18:53+00:00
180,user180@example.com,VN,paid_ad,verified,2026-07-26T21:32:44+00:00,2026-07-26T21:32:44+00:00
181,user181@example.com,ID,paid_ad,verified,2026-01-27T18:43:24+00:00,2026-01-27T18:43:24+00:00
182,user182@example.com,VN,referral,pending,2026-01-05T21:55:35+00:00,2026-01-05T21:55:35+00:00
183,user183@example.com,KE,paid_ad,verified,2026-06-18T08:43:51+00:00,2026-06-18T08:43:51+00:00
184,user184@example.com,VN,organic,rejected,2026-03-01T09:58:51+00:00,2026-03-01T09:58:51+00:00
185,user185@example.com,ZA,paid_ad,verified,2026-04-15T21:21:01+00:00,2026-04-15T21:21:01+00:00
186,user186@example.com,VN,paid_ad,rejected,2026-06-30T12:56:15+00:00,2026-06-30T12:56:15+00:00
187,user187@example.com,KE,organic,pending,2026-04-15T05:37:39+00:00,2026-04-15T05:37:39+00:00
188,user188@example.com,BR,organic,verified,2026-04-19T07:47:58+00:00,2026-04-19T07:47:58+00:00
189,user189@example.com,ZA,paid_ad,verified,2026-08-10T07:23:01+00:00,2026-08-10T07:23:01+00:00
190,user190@example.com,NG,referral,verified,2026-05-11T15:26:37+00:00,2026-05-11T15:26:37+00:00
191,user191@example.com,BR,organic,verified,2026-03-12T14:52:13+00:00,2026-03-12T14:52:13+00:00
192,user192@example.com,KE,referral,rejected,2026-04-11T08:01:08+00:00,2026-04-11T08:01:08+00:00
193,user193@example.com,ID,organic,rejected,2026-04-18T07:00:35+00:00,2026-04-18T07:00:35+00:00
194,user194@example.com,US,organic,verified,2026-03-16T04:46:29+00:00,2026-03-16T04:46:29+00:00
195,user195@example.com,ID,organic,verified,2026-07-09T17:52:32+00:00,2026-07-09T17:52:32+00:00
196,user196@example.com,BR,organic,pending,2026-07-10T14:47:11+00:00,2026-07-10T14:47:11+00:00
197,user197@example.com,IN,referral,verified,2026-04-25T06:28:27+00:00,2026-04-25T06:28:27+00:00
198,user198@example.com,ZA,referral,verified,2026-04-29T22:02:49+00:00,2026-04-29T22:02:49+00:00
199,user199@example.com,ID,referral,verified,2026-08-03T22:44:30+00:00,2026-08-03T22:44:30+00:00
200,user200@example.com,KE,referral,verified,2026-08-02T17:59:32+00:00,2026-08-02T17:59:32+00:00
201,user201@example.com,PH,referral,verified,2026-04-16T05:07:26+00:00,2026-04-16T05:07:26+00:00
202,user202@example.com,IN,referral,pending,2026-02-16T20:35:39+00:00,2026-02-16T20:35:39+00:00
203,user203@example.com,GB,organic,verified,2026-07-28T02:36:50+00:00,2026-07-28T02:36:50+00:00
204,user204@example.com,PH,paid_ad,rejected,2026-07-08T01:03:28+00:00,2026-07-08T01:03:28+00:00
205,user205@example.com,ZA,referral,pending,2026-07-23T17:58:12+00:00,2026-07-23T17:58:12+00:00
206,user206@example.com,PH,organic,verified,2026-03-17T09:18:25+00:00,2026-03-17T09:18:25+00:00
207,user207@example.com,PH,organic,rejected,2026-03-11T16:30:59+00:00,2026-03-11T16:30:59+00:00
208,user208@example.com,PH,organic,pending,2026-02-19T03:50:19+00:00,2026-02-19T03:50:19+00:00
209,user209@example.com,PH,paid_ad,verified,2026-08-03T21:40:45+00:00,2026-08-03T21:40:45+00:00
210,user210@example.com,US,organic,rejected,2026-07-10T15:19:15+00:00,2026-07-10T15:19:15+00:00
211,user211@example.com,BR,referral,verified,2026-04-21T10:14:04+00:00,2026-04-21T10:14:04+00:00
212,user212@example.com,GB,organic,verified,2026-05-13T07:36:34+00:00,2026-05-13T07:36:34+00:00
213,user213@example.com,US,organic,verified,2026-07-05T12:45:31+00:00,2026-07-05T12:45:31+00:00
214,user214@example.com,US,paid_ad,pending,2026-07-10T23:24:36+00:00,2026-07-10T23:24:36+00:00
215,user215@example.com,GB,paid_ad,verified,2026-02-28T22:11:53+00:00,2026-02-28T22:11:53+00:00
216,user216@example.com,IN,organic,rejected,2026-02-03T01:56:36+00:00,2026-02-03T01:56:36+00:00
217,user217@example.com,ZA,paid_ad,rejected,2026-06-11T15:01:22+00:00,2026-06-11T15:01:22+00:00
218,user218@example.com,ID,referral,verified,2026-03-29T15:33:23+00:00,2026-03-29T15:33:23+00:00
219,user219@example.com,PH,paid_ad,verified,2026-06-21T22:27:31+00:00,2026-06-21T22:27:31+00:00
220,user220@example.com,ZA,paid_ad,pending,2026-04-29T14:21:00+00:00,2026-04-29T14:21:00+00:00
221,user221@example.com,US,organic,verified,2026-08-25T18:10:18+00:00,2026-08-25T18:10:18+00:00
222,user222@example.com,US,organic,verified,2026-04-13T18:40:50+00:00,2026-04-13T18:40:50+00:00
223,user223@example.com,ID,organic,verified,2026-03-09T12:03:34+00:00,2026-03-09T12:03:34+00:00
224,user224@example.com,VN,referral,rejected,2026-01-02T00:56:22+00:00,2026-01-02T00:56:22+00:00
225,user225@example.com,PH,organic,verified,2026-07-02T11:54:06+00:00,2026-07-02T11:54:06+00:00
226,user226@example.com,PH,paid_ad,verified,2026-04-22T21:19:55+00:00,2026-04-22T21:19:55+00:00
227,user227@example.com,IN,referral,rejected,2026-01-28T15:26:36+00:00,2026-01-28T15:26:36+00:00
228,user228@example.com,VN,organic,rejected,2026-03-18T19:48:31+00:00,2026-03-18T19:48:31+00:00
229,user229@example.com,GB,referral,verified,2026-03-29T07:22:33+00:00,2026-03-29T07:22:33+00:00
230,user230@example.com,NG,organic,verified,2026-01-28T17:35:16+00:00,2026-01-28T17:35:16+00:00
231,user231@example.com,ZA,referral,verified,2026-08-20T02:12:44+00:00,2026-08-20T02:12:44+00:00
232,user232@example.com,BR,paid_ad,verified,2026-02-18T07:03:36+00:00,2026-02-18T07:03:36+00:00
233,user233@example.com,PH,paid_ad,rejected,2026-06-06T07:39:04+00:00,2026-06-06T07:39:04+00:00
234,user234@example.com,BR,organic,rejected,2026-07-11T18:30:18+00:00,2026-07-11T18:30:18+00:00
235,user235@example.com,VN,paid_ad,verified,2026-01-16T11:31:45+00:00,2026-01-16T11:31:45+00:00
236,user236@example.com,PH,organic,pending,2026-08-23T11:01:08+00:00,2026-08-23T11:01:08+00:00
237,user237@example.com,ZA,paid_ad,pending,2026-03-30T21:43:48+00:00,2026-03-30T21:43:48+00:00
238,user238@example.com,ZA,organic,verified,2026-04-15T16:01:29+00:00,2026-04-15T16:01:29+00:00
239,user239@example.com,ID,paid_ad,verified,2026-07-02T17:23:07+00:00,2026-07-02T17:23:07+00:00
240,user240@example.com,GB,paid_ad,verified,2026-04-19T00:36:25+00:00,2026-04-19T00:36:25+00:00
241,user241@example.com,US,referral,verified,2026-07-10T23:12:59+00:00,2026-07-10T23:12:59+00:00
242,user242@example.com,KE,referral,pending,2026-06-08T14:04:48+00:00,2026-06-08T14:04:48+00:00
243,user243@example.com,KE,referral,verified,2026-03-04T10:59:46+00:00,2026-03-04T10:59:46+00:00
244,user244@example.com,VN,paid_ad,pending,2026-04-22T22:23:04+00:00,2026-04-22T22:23:04+00:00
245,user245@example.com,US,referral,verified,2026-06-26T15:17:05+00:00,2026-06-26T15:17:05+00:00
246,user246@example.com,US,referral,rejected,2026-05-06T13:07:48+00:00,2026-05-06T13:07:48+00:00
247,user247@example.com,ID,referral,verified,2026-01-01T10:43:43+00:00,2026-01-01T10:43:43+00:00
248,user248@example.com,IN,paid_ad,verified,2026-01-22T01:13:07+00:00,2026-01-22T01:13:07+00:00
249,user249@example.com,BR,paid_ad,verified,2026-08-30T19:22:05+00:00,2026-08-30T19:22:05+00:00
250,user250@example.com,IN,referral,rejected,2026-01-21T01:03:23+00:00,2026-01-21T01:03:23+00:00
251,user251@example.com,PH,referral,verified,2026-02-20T21:07:54+00:00,2026-02-20T21:07:54+00:00
252,user252@example.com,NG,paid_ad,rejected,2026-02-17T03:46:23+00:00,2026-02-17T03:46:23+00:00
253,user253@example.com,GB,referral,rejected,2026-04-03T22:24:50+00:00,2026-04-03T22:24:50+00:00
254,user254@example.com,ID,referral,pending,2026-01-06T07:27:18+00:00,2026-01-06T07:27:18+00:00
255,user255@example.com,US,referral,pending,2026-03-29T06:21:42+00:00,2026-03-29T06:21:42+00:00
256,user256@example.com,BR,paid_ad,verified,2026-03-01T19:06:53+00:00,2026-03-01T19:06:53+00:00
257,user257@example.com,PH,referral,verified,2026-07-17T15:01:51+00:00,2026-07-17T15:01:51+00:00
258,user258@example.com,IN,referral,rejected,2026-07-03T09:24:26+00:00,2026-07-03T09:24:26+00:00
259,user259@example.com,VN,organic,rejected,2026-02-26T04:09:39+00:00,2026-02-26T04:09:39+00:00
260,user260@example.com,GB,organic,verified,2026-07-17T09:08:54+00:00,2026-07-17T09:08:54+00:00
261,user261@example.com,KE,paid_ad,verified,2026-06-11T03:32:37+00:00,2026-06-11T03:32:37+00:00
262,user262@example.com,PH,paid_ad,verified,2026-01-01T23:54:35+00:00,2026-01-01T23:54:35+00:00
263,user263@example.com,ZA,paid_ad,verified,2026-08-16T22:39:21+00:00,2026-08-16T22:39:21+00:00
264,user264@example.com,BR,paid_ad,verified,2026-02-27T17:00:34+00:00,2026-02-27T17:00:34+00:00
265,user265@example.com,KE,paid_ad,rejected,2026-05-15T00:47:17+00:00,2026-05-15T00:47:17+00:00
266,user266@example.com,BR,referral,verified,2026-05-27T11:51:09+00:00,2026-05-27T11:51:09+00:00
267,user267@example.com,ZA,referral,verified,2026-04-03T17:49:44+00:00,2026-04-03T17:49:44+00:00
268,user268@example.com,NG,referral,verified,2026-06-09T12:42:05+00:00,2026-06-09T12:42:05+00:00
269,user269@example.com,VN,paid_ad,verified,2026-05-29T01:19:54+00:00,2026-05-29T01:19:54+00:00
270,user270@example.com,NG,organic,rejected,2026-07-12T08:47:51+00:00,2026-07-12T08:47:51+00:00
271,user271@example.com,KE,organic,verified,2026-08-18T04:52:49+00:00,2026-08-18T04:52:49+00:00
272,user272@example.com,ID,referral,pending,2026-02-08T17:22:49+00:00,2026-02-08T17:22:49+00:00
273,user273@example.com,VN,paid_ad,verified,2026-02-25T23:37:33+00:00,2026-02-25T23:37:33+00:00
274,user274@example.com,BR,referral,verified,2026-01-30T01:26:59+00:00,2026-01-30T01:26:59+00:00
275,user275@example.com,VN,paid_ad,pending,2026-08-31T01:11:55+00:00,2026-08-31T01:11:55+00:00
276,user276@example.com,ID,referral,verified,2026-05-08T14:27:11+00:00,2026-05-08T14:27:11+00:00
277,user277@example.com,ID,organic,rejected,2026-07-09T12:00:00+00:00,2026-07-09T12:00:00+00:00
278,user278@example.com,IN,paid_ad,verified,2026-01-27T13:43:39+00:00,2026-01-27T13:43:39+00:00
279,user279@example.com,US,referral,pending,2026-03-30T08:19:32+00:00,2026-03-30T08:19:32+00:00
280,user280@example.com,BR,organic,verified,2026-02-09T00:47:43+00:00,2026-02-09T00:47:43+00:00
281,user281@example.com,NG,referral,pending,2026-01-12T05:48:28+00:00,2026-01-12T05:48:28+00:00
282,user282@example.com,KE,referral,verified,2026-04-24T22:23:09+00:00,2026-04-24T22:23:09+00:00
283,user283@example.com,IN,paid_ad,verified,2026-02-26T12:48:31+00:00,2026-02-26T12:48:31+00:00
284,user284@example.com,GB,organic,verified,2026-08-08T18:49:54+00:00,2026-08-08T18:49:54+00:00
285,user285@example.com,ZA,referral,rejected,2026-01-31T16:02:18+00:00,2026-01-31T16:02:18+00:00
286,user286@example.com,BR,paid_ad,verified,2026-04-04T12:41:46+00:00,2026-04-04T12:41:46+00:00
287,user287@example.com,BR,paid_ad,verified,2026-04-01T04:09:11+00:00,2026-04-01T04:09:11+00:00
288,user288@example.com,PH,paid_ad,pending,2026-06-28T11:30:27+00:00,2026-06-28T11:30:27+00:00
289,user289@example.com,PH,paid_ad,rejected,2026-06-30T16:28:28+00:00,2026-06-30T16:28:28+00:00
290,user290@example.com,US,referral,verified,2026-03-03T08:26:22+00:00,2026-03-03T08:26:22+00:00
291,user291@example.com,PH,paid_ad,verified,2026-08-17T04:33:54+00:00,2026-08-17T04:33:54+00:00
292,user292@example.com,BR,referral,verified,2026-04-08T03:05:03+00:00,2026-04-08T03:05:03+00:00
293,user293@example.com,BR,organic,verified,2026-05-30T09:36:03+00:00,2026-05-30T09:36:03+00:00
294,user294@example.com,ZA,referral,rejected,2026-05-29T02:34:22+00:00,2026-05-29T02:34:22+00:00
295,user295@example.com,PH,organic,verified,2026-04-25T21:43:49+00:00,2026-04-25T21:43:49+00:00
296,user296@example.com,NG,paid_ad,pending,2026-04-17T14:20:33+00:00,2026-04-17T14:20:33+00:00
297,user297@example.com,BR,referral,verified,2026-08-24T12:07:05+00:00,2026-08-24T12:07:05+00:00
298,user298@example.com,KE,organic,verified,2026-08-24T18:15:21+00:00,2026-08-24T18:15:21+00:00
299,user299@example.com,PH,paid_ad,verified,2026-08-30T03:07:30+00:00,2026-08-30T03:07:30+00:00
300,user300@example.com,NG,referral,verified,2026-02-07T17:38:00+00:00,2026-02-07T17:38:00+00:00
301,user301@example.com,ZA,referral,verified,2026-01-13T22:58:47+00:00,2026-01-13T22:58:47+00:00
302,user302@example.com,PH,referral,verified,2026-02-05T00:06:14+00:00,2026-02-05T00:06:14+00:00
303,user303@example.com,IN,organic,rejected,2026-03-10T05:05:02+00:00,2026-03-10T05:05:02+00:00
304,user304@example.com,ID,paid_ad,verified,2026-05-23T02:02:21+00:00,2026-05-23T02:02:21+00:00
305,user305@example.com,PH,referral,verified,2026-03-05T21:39:54+00:00,2026-03-05T21:39:54+00:00
306,user306@example.com,US,referral,pending,2026-05-12T13:03:17+00:00,2026-05-12T13:03:17+00:00
307,user307@example.com,IN,paid_ad,verified,2026-02-24T15:57:01+00:00,2026-02-24T15:57:01+00:00
308,user308@example.com,KE,organic,verified,2026-08-05T10:31:48+00:00,2026-08-05T10:31:48+00:00
309,user309@example.com,PH,paid_ad,pending,2026-01-06T09:43:52+00:00,2026-01-06T09:43:52+00:00
310,user310@example.com,KE,paid_ad,verified,2026-06-26T14:54:46+00:00,2026-06-26T14:54:46+00:00
311,user311@example.com,VN,paid_ad,verified,2026-08-16T00:29:41+00:00,2026-08-16T00:29:41+00:00
312,user312@example.com,IN,referral,pending,2026-02-12T01:51:31+00:00,2026-02-12T01:51:31+00:00
313,user313@example.com,ID,referral,rejected,2026-08-29T14:35:43+00:00,2026-08-29T14:35:43+00:00
314,user314@example.com,US,paid_ad,verified,2026-03-27T23:17:30+00:00,2026-03-27T23:17:30+00:00
315,user315@example.com,VN,organic,verified,2026-04-28T08:36:59+00:00,2026-04-28T08:36:59+00:00
316,user316@example.com,NG,referral,verified,2026-01-18T14:39:46+00:00,2026-01-18T14:39:46+00:00
317,user317@example.com,US,organic,rejected,2026-02-15T02:19:16+00:00,2026-02-15T02:19:16+00:00
318,user318@example.com,VN,referral,verified,2026-02-22T16:28:50+00:00,2026-02-22T16:28:50+00:00
319,user319@example.com,VN,paid_ad,verified,2026-07-29T18:57:32+00:00,2026-07-29T18:57:32+00:00
320,user320@example.com,US,referral,rejected,2026-06-11T03:00:14+00:00,2026-06-11T03:00:14+00:00
321,user321@example.com,PH,organic,verified,2026-06-08T11:54:56+00:00,2026-06-08T11:54:56+00:00
322,user322@example.com,BR,referral,verified,2026-03-26T09:06:00+00:00,2026-03-26T09:06:00+00:00
323,user323@example.com,US,paid_ad,verified,2026-05-21T20:28:44+00:00,2026-05-21T20:28:44+00:00
324,user324@example.com,KE,organic,verified,2026-07-31T10:47:22+00:00,2026-07-31T10:47:22+00:00
325,user325@example.com,IN,organic,verified,2026-04-18T03:24:05+00:00,2026-04-18T03:24:05+00:00
326,user326@example.com,IN,paid_ad,rejected,2026-02-05T14:27:29+00:00,2026-02-05T14:27:29+00:00
327,user327@example.com,NG,referral,verified,2026-01-09T07:03:57+00:00,2026-01-09T07:03:57+00:00
328,user328@example.com,ZA,organic,pending,2026-02-18T21:41:44+00:00,2026-02-18T21:41:44+00:00
329,user329@example.com,IN,paid_ad,verified,2026-08-04T05:35:27+00:00,2026-08-04T05:35:27+00:00
330,user330@example.com,KE,organic,rejected,2026-04-01T11:42:18+00:00,2026-04-01T11:42:18+00:00
331,user331@example.com,PH,organic,verified,2026-01-02T02:25:45+00:00,2026-01-02T02:25:45+00:00
332,user332@example.com,PH,organic,pending,2026-07-29T19:10:22+00:00,2026-07-29T19:10:22+00:00
333,user333@example.com,GB,organic,verified,2026-01-11T00:17:18+00:00,2026-01-11T00:17:18+00:00
334,user334@example.com,ZA,referral,pending,2026-04-03T09:40:59+00:00,2026-04-03T09:40:59+00:00
335,user335@example.com,PH,organic,verified,2026-03-09T16:05:32+00:00,2026-03-09T16:05:32+00:00
336,user336@example.com,ID,organic,pending,2026-06-13T11:38:12+00:00,2026-06-13T11:38:12+00:00
337,user337@example.com,BR,referral,rejected,2026-07-04T22:56:02+00:00,2026-07-04T22:56:02+00:00
338,user338@example.com,US,referral,rejected,2026-08-19T13:22:06+00:00,2026-08-19T13:22:06+00:00
339,user339@example.com,ZA,organic,rejected,2026-03-28T00:59:36+00:00,2026-03-28T00:59:36+00:00
340,user340@example.com,BR,paid_ad,pending,2026-04-28T03:23:54+00:00,2026-04-28T03:23:54+00:00
341,user341@example.com,BR,referral,verified,2026-01-24T14:56:01+00:00,2026-01-24T14:56:01+00:00
342,user342@example.com,BR,paid_ad,verified,2026-02-11T22:16:37+00:00,2026-02-11T22:16:37+00:00
343,user343@example.com,US,referral,rejected,2026-01-29T12:58:59+00:00,2026-01-29T12:58:59+00:00
344,user344@example.com,US,organic,verified,2026-02-27T14:34:17+00:00,2026-02-27T14:34:17+00:00
345,user345@example.com,ZA,paid_ad,verified,2026-08-31T11:03:38+00:00,2026-08-31T11:03:38+00:00
346,user346@example.com,ZA,paid_ad,verified,2026-05-28T22:17:10+00:00,2026-05-28T22:17:10+00:00
347,user347@example.com,ID,paid_ad,verified,2026-06-26T04:56:03+00:00,2026-06-26T04:56:03+00:00
348,user348@example.com,US,paid_ad,rejected,2026-02-08T12:24:36+00:00,2026-02-08T12:24:36+00:00
349,user349@example.com,VN,referral,verified,2026-03-25T12:09:36+00:00,2026-03-25T12:09:36+00:00
350,user350@example.com,KE,referral,verified,2026-06-10T17:01:19+00:00,2026-06-10T17:01:19+00:00
351,user351@example.com,US,referral,verified,2026-06-11T13:18:16+00:00,2026-06-11T13:18:16+00:00
352,user352@example.com,PH,referral,verified,2026-05-02T08:55:50+00:00,2026-05-02T08:55:50+00:00
353,user353@example.com,US,organic,pending,2026-07-04T04:29:49+00:00,2026-07-04T04:29:49+00:00
354,user354@example.com,VN,organic,verified,2026-02-06T04:58:03+00:00,2026-02-06T04:58:03+00:00
355,user355@example.com,ID,organic,rejected,2026-02-20T12:45:50+00:00,2026-02-20T12:45:50+00:00
356,user356@example.com,ID,referral,pending,2026-08-07T02:21:53+00:00,2026-08-07T02:21:53+00:00
357,user357@example.com,KE,paid_ad,verified,2026-06-09T13:00:50+00:00,2026-06-09T13:00:50+00:00
358,user358@example.com,PH,paid_ad,verified,2026-01-20T23:30:43+00:00,2026-01-20T23:30:43+00:00
359,user359@example.com,US,paid_ad,rejected,2026-05-17T13:34:48+00:00,2026-05-17T13:34:48+00:00
360,user360@example.com,GB,paid_ad,verified,2026-03-24T14:52:09+00:00,2026-03-24T14:52:09+00:00
361,user361@example.com,US,referral,rejected,2026-03-29T02:06:49+00:00,2026-03-29T02:06:49+00:00
362,user362@example.com,US,referral,rejected,2026-05-23T17:55:02+00:00,2026-05-23T17:55:02+00:00
363,user363@example.com,VN,paid_ad,rejected,2026-03-29T19:57:19+00:00,2026-03-29T19:57:19+00:00
364,user364@example.com,ID,organic,rejected,2026-08-27T06:55:02+00:00,2026-08-27T06:55:02+00:00
365,user365@example.com,NG,organic,verified,2026-04-14T20:47:36+00:00,2026-04-14T20:47:36+00:00
366,user366@example.com,KE,referral,pending,2026-04-30T23:56:45+00:00,2026-04-30T23:56:45+00:00
367,user367@example.com,GB,paid_ad,verified,2026-03-12T10:49:20+00:00,2026-03-12T10:49:20+00:00
368,user368@example.com,GB,paid_ad,pending,2026-01-28T00:34:59+00:00,2026-01-28T00:34:59+00:00
369,user369@example.com,ID,organic,verified,2026-02-05T15:14:36+00:00,2026-02-05T15:14:36+00:00
370,user370@example.com,BR,referral,verified,2026-06-13T01:07:20+00:00,2026-06-13T01:07:20+00:00
371,user371@example.com,PH,paid_ad,verified,2026-05-24T17:08:41+00:00,2026-05-24T17:08:41+00:00
372,user372@example.com,ZA,organic,pending,2026-08-09T10:21:19+00:00,2026-08-09T10:21:19+00:00
373,user373@example.com,GB,paid_ad,pending,2026-03-02T10:06:35+00:00,2026-03-02T10:06:35+00:00
374,user374@example.com,PH,referral,verified,2026-02-01T16:23:41+00:00,2026-02-01T16:23:41+00:00
375,user375@example.com,ZA,referral,verified,2026-07-08T14:41:42+00:00,2026-07-08T14:41:42+00:00
376,user376@example.com,IN,paid_ad,pending,2026-04-17T02:05:58+00:00,2026-04-17T02:05:58+00:00
377,user377@example.com,VN,organic,verified,2026-05-15T01:14:39+00:00,2026-05-15T01:14:39+00:00
378,user378@example.com,BR,paid_ad,verified,2026-08-19T08:24:42+00:00,2026-08-19T08:24:42+00:00
379,user379@example.com,IN,referral,rejected,2026-01-18T15:19:13+00:00,2026-01-18T15:19:13+00:00
380,user380@example.com,NG,organic,verified,2026-01-22T06:36:17+00:00,2026-01-22T06:36:17+00:00
381,user381@example.com,GB,referral,verified,2026-03-24T00:50:36+00:00,2026-03-24T00:50:36+00:00
382,user382@example.com,US,organic,verified,2026-05-08T10:19:19+00:00,2026-05-08T10:19:19+00:00
383,user383@example.com,GB,organic,verified,2026-06-17T05:59:44+00:00,2026-06-17T05:59:44+00:00
384,user384@example.com,IN,paid_ad,rejected,2026-07-26T20:01:38+00:00,2026-07-26T20:01:38+00:00
385,user385@example.com,US,referral,pending,2026-05-18T13:04:38+00:00,2026-05-18T13:04:38+00:00
386,user386@example.com,NG,referral,pending,2026-06-19T09:51:40+00:00,2026-06-19T09:51:40+00:00
387,user387@example.com,ZA,referral,rejected,2026-05-02T13:56:11+00:00,2026-05-02T13:56:11+00:00
388,user388@example.com,VN,referral,pending,2026-06-07T01:29:40+00:00,2026-06-07T01:29:40+00:00
389,user389@example.com,NG,referral,verified,2026-06-07T07:10:29+00:00,2026-06-07T07:10:29+00:00
390,user390@example.com,BR,paid_ad,verified,2026-08-29T01:20:42+00:00,2026-08-29T01:20:42+00:00
391,user391@example.com,VN,organic,verified,2026-02-04T05:25:48+00:00,2026-02-04T05:25:48+00:00
392,user392@example.com,ZA,referral,rejected,2026-06-19T04:47:58+00:00,2026-06-19T04:47:58+00:00
393,user393@example.com,VN,referral,verified,2026-01-31T13:02:38+00:00,2026-01-31T13:02:38+00:00
394,user394@example.com,KE,organic,pending,2026-03-28T01:12:04+00:00,2026-03-28T01:12:04+00:00
395,user395@example.com,US,paid_ad,rejected,2026-07-18T06:02:56+00:00,2026-07-18T06:02:56+00:00
396,user396@example.com,KE,referral,verified,2026-03-17T07:18:48+00:00,2026-03-17T07:18:48+00:00
397,user397@example.com,US,organic,verified,2026-04-02T18:11:07+00:00,2026-04-02T18:11:07+00:00
398,user398@example.com,GB,paid_ad,verified,2026-03-18T14:42:23+00:00,2026-03-18T14:42:23+00:00
399,user399@example.com,GB,paid_ad,verified,2026-01-30T06:20:36+00:00,2026-01-30T06:20:36+00:00
400,user400@example.com,ZA,paid_ad,verified,2026-06-30T04:21:21+00:00,2026-06-30T04:21:21+00:00
401,user401@example.com,ZA,referral,verified,2026-08-08T05:26:41+00:00,2026-08-08T05:26:41+00:00
402,user402@example.com,BR,organic,verified,2026-02-28T15:01:29+00:00,2026-02-28T15:01:29+00:00
403,user403@example.com,PH,referral,rejected,2026-06-21T17:40:40+00:00,2026-06-21T17:40:40+00:00
404,user404@example.com,KE,paid_ad,pending,2026-01-22T19:33:43+00:00,2026-01-22T19:33:43+00:00
405,user405@example.com,BR,referral,pending,2026-05-01T13:12:39+00:00,2026-05-01T13:12:39+00:00
406,user406@example.com,KE,referral,pending,2026-01-23T02:15:13+00:00,2026-01-23T02:15:13+00:00
407,user407@example.com,ZA,paid_ad,rejected,2026-02-05T01:37:27+00:00,2026-02-05T01:37:27+00:00
408,user408@example.com,BR,paid_ad,rejected,2026-05-30T07:38:11+00:00,2026-05-30T07:38:11+00:00
409,user409@example.com,BR,paid_ad,verified,2026-01-16T22:21:33+00:00,2026-01-16T22:21:33+00:00
410,user410@example.com,ZA,referral,rejected,2026-05-05T20:50:47+00:00,2026-05-05T20:50:47+00:00
411,user411@example.com,NG,referral,pending,2026-02-28T14:07:37+00:00,2026-02-28T14:07:37+00:00
412,user412@example.com,US,paid_ad,verified,2026-05-14T09:04:19+00:00,2026-05-14T09:04:19+00:00
413,user413@example.com,IN,paid_ad,verified,2026-01-16T04:49:51+00:00,2026-01-16T04:49:51+00:00
414,user414@example.com,ID,paid_ad,rejected,2026-06-20T15:42:28+00:00,2026-06-20T15:42:28+00:00
415,user415@example.com,KE,referral,verified,2026-03-03T15:37:18+00:00,2026-03-03T15:37:18+00:00
416,user416@example.com,VN,referral,rejected,2026-05-31T10:59:02+00:00,2026-05-31T10:59:02+00:00
417,user417@example.com,KE,organic,verified,2026-01-21T08:04:55+00:00,2026-01-21T08:04:55+00:00
418,user418@example.com,ID,paid_ad,verified,2026-02-06T16:51:33+00:00,2026-02-06T16:51:33+00:00
419,user419@example.com,PH,paid_ad,rejected,2026-04-21T08:26:30+00:00,2026-04-21T08:26:30+00:00
420,user420@example.com,KE,organic,rejected,2026-02-28T09:34:51+00:00,2026-02-28T09:34:51+00:00
421,user421@example.com,KE,referral,verified,2026-02-24T22:12:28+00:00,2026-02-24T22:12:28+00:00
422,user422@example.com,ZA,paid_ad,pending,2026-02-20T01:54:59+00:00,2026-02-20T01:54:59+00:00
423,user423@example.com,ID,referral,verified,2026-05-01T05:30:44+00:00,2026-05-01T05:30:44+00:00
424,user424@example.com,ID,organic,verified,2026-02-19T15:07:27+00:00,2026-02-19T15:07:27+00:00
425,user425@example.com,KE,organic,verified,2026-07-17T11:27:22+00:00,2026-07-17T11:27:22+00:00
426,user426@example.com,GB,organic,verified,2026-04-30T22:50:25+00:00,2026-04-30T22:50:25+00:00
427,user427@example.com,IN,organic,verified,2026-07-08T20:22:24+00:00,2026-07-08T20:22:24+00:00
428,user428@example.com,US,referral,pending,2026-03-02T04:11:37+00:00,2026-03-02T04:11:37+00:00
429,user429@example.com,ID,paid_ad,rejected,2026-07-17T04:00:39+00:00,2026-07-17T04:00:39+00:00
430,user430@example.com,KE,paid_ad,verified,2026-01-15T15:49:55+00:00,2026-01-15T15:49:55+00:00
431,user431@example.com,VN,organic,verified,2026-08-20T22:44:25+00:00,2026-08-20T22:44:25+00:00
432,user432@example.com,ZA,organic,verified,2026-03-12T05:36:23+00:00,2026-03-12T05:36:23+00:00
433,user433@example.com,VN,referral,verified,2026-01-17T23:14:34+00:00,2026-01-17T23:14:34+00:00
434,user434@example.com,ZA,referral,verified,2026-06-22T12:13:55+00:00,2026-06-22T12:13:55+00:00
435,user435@example.com,ID,organic,verified,2026-04-01T21:03:55+00:00,2026-04-01T21:03:55+00:00
436,user436@example.com,IN,referral,rejected,2026-07-02T03:32:32+00:00,2026-07-02T03:32:32+00:00
437,user437@example.com,BR,referral,verified,2026-06-21T02:39:55+00:00,2026-06-21T02:39:55+00:00
438,user438@example.com,ID,referral,verified,2026-07-15T07:25:48+00:00,2026-07-15T07:25:48+00:00
439,user439@example.com,ZA,organic,verified,2026-03-19T13:19:03+00:00,2026-03-19T13:19:03+00:00
440,user440@example.com,BR,referral,rejected,2026-01-21T06:21:03+00:00,2026-01-21T06:21:03+00:00
441,user441@example.com,ID,organic,verified,2026-02-09T20:12:20+00:00,2026-02-09T20:12:20+00:00
442,user442@example.com,GB,referral,verified,2026-02-02T13:46:22+00:00,2026-02-02T13:46:22+00:00
443,user443@example.com,GB,referral,pending,2026-07-19T08:47:39+00:00,2026-07-19T08:47:39+00:00
444,user444@example.com,BR,referral,pending,2026-03-28T05:32:39+00:00,2026-03-28T05:32:39+00:00
445,user445@example.com,NG,referral,rejected,2026-06-11T03:07:10+00:00,2026-06-11T03:07:10+00:00
446,user446@example.com,IN,referral,pending,2026-05-26T05:34:25+00:00,2026-05-26T05:34:25+00:00
447,user447@example.com,IN,organic,verified,2026-05-26T14:26:21+00:00,2026-05-26T14:26:21+00:00
448,user448@example.com,KE,organic,verified,2026-02-08T11:31:17+00:00,2026-02-08T11:31:17+00:00
449,user449@example.com,PH,referral,verified,2026-01-15T21:00:41+00:00,2026-01-15T21:00:41+00:00
450,user450@example.com,BR,paid_ad,pending,2026-07-02T04:25:23+00:00,2026-07-02T04:25:23+00:00
451,user451@example.com,NG,referral,verified,2026-01-31T18:26:15+00:00,2026-01-31T18:26:15+00:00
452,user452@example.com,ID,paid_ad,rejected,2026-02-28T01:37:25+00:00,2026-02-28T01:37:25+00:00
453,user453@example.com,VN,organic,verified,2026-07-24T23:11:13+00:00,2026-07-24T23:11:13+00:00
454,user454@example.com,PH,organic,pending,2026-04-03T06:58:02+00:00,2026-04-03T06:58:02+00:00
455,user455@example.com,VN,paid_ad,rejected,2026-04-03T14:25:02+00:00,2026-04-03T14:25:02+00:00
456,user456@example.com,US,organic,verified,2026-06-27T12:36:27+00:00,2026-06-27T12:36:27+00:00
457,user457@example.com,ID,organic,rejected,2026-08-20T18:00:39+00:00,2026-08-20T18:00:39+00:00
458,user458@example.com,IN,paid_ad,verified,2026-08-12T07:49:50+00:00,2026-08-12T07:49:50+00:00
459,user459@example.com,VN,organic,rejected,2026-04-24T02:51:06+00:00,2026-04-24T02:51:06+00:00
460,user460@example.com,IN,paid_ad,verified,2026-05-18T00:29:01+00:00,2026-05-18T00:29:01+00:00
461,user461@example.com,US,paid_ad,verified,2026-03-14T17:53:31+00:00,2026-03-14T17:53:31+00:00
462,user462@example.com,ID,paid_ad,rejected,2026-01-27T06:49:01+00:00,2026-01-27T06:49:01+00:00
463,user463@example.com,ID,organic,verified,2026-07-17T03:23:07+00:00,2026-07-17T03:23:07+00:00
464,user464@example.com,NG,paid_ad,verified,2026-07-02T13:58:35+00:00,2026-07-02T13:58:35+00:00
465,user465@example.com,PH,paid_ad,pending,2026-05-25T23:25:49+00:00,2026-05-25T23:25:49+00:00
466,user466@example.com,US,referral,verified,2026-05-19T16:21:22+00:00,2026-05-19T16:21:22+00:00
467,user467@example.com,ZA,paid_ad,verified,2026-02-10T06:13:02+00:00,2026-02-10T06:13:02+00:00
468,user468@example.com,NG,referral,rejected,2026-02-21T19:28:03+00:00,2026-02-21T19:28:03+00:00
469,user469@example.com,GB,paid_ad,verified,2026-05-12T11:29:20+00:00,2026-05-12T11:29:20+00:00
470,user470@example.com,GB,organic,pending,2026-07-05T20:14:01+00:00,2026-07-05T20:14:01+00:00
471,user471@example.com,NG,referral,verified,2026-06-27T17:52:58+00:00,2026-06-27T17:52:58+00:00
472,user472@example.com,IN,organic,verified,2026-01-18T00:18:14+00:00,2026-01-18T00:18:14+00:00
473,user473@example.com,ID,referral,rejected,2026-05-01T10:07:00+00:00,2026-05-01T10:07:00+00:00
474,user474@example.com,PH,organic,verified,2026-07-03T20:24:20+00:00,2026-07-03T20:24:20+00:00
475,user475@example.com,KE,organic,verified,2026-04-22T02:44:48+00:00,2026-04-22T02:44:48+00:00
476,user476@example.com,US,referral,verified,2026-04-17T02:33:48+00:00,2026-04-17T02:33:48+00:00
477,user477@example.com,BR,referral,verified,2026-06-05T08:28:23+00:00,2026-06-05T08:28:23+00:00
478,user478@example.com,BR,paid_ad,verified,2026-03-14T13:15:45+00:00,2026-03-14T13:15:45+00:00
479,user479@example.com,ID,referral,pending,2026-05-23T15:55:17+00:00,2026-05-23T15:55:17+00:00
480,user480@example.com,US,referral,rejected,2026-06-14T20:37:25+00:00,2026-06-14T20:37:25+00:00
481,user481@example.com,ID,referral,verified,2026-03-12T01:58:34+00:00,2026-03-12T01:58:34+00:00
482,user482@example.com,US,referral,verified,2026-02-09T20:16:54+00:00,2026-02-09T20:16:54+00:00
483,user483@example.com,BR,paid_ad,verified,2026-04-30T00:44:54+00:00,2026-04-30T00:44:54+00:00
484,user484@example.com,BR,referral,verified,2026-03-06T17:14:30+00:00,2026-03-06T17:14:30+00:00
485,user485@example.com,KE,paid_ad,verified,2026-01-17T10:46:43+00:00,2026-01-17T10:46:43+00:00
486,user486@example.com,NG,organic,verified,2026-04-17T15:02:29+00:00,2026-04-17T15:02:29+00:00
487,user487@example.com,ID,paid_ad,verified,2026-05-22T02:18:18+00:00,2026-05-22T02:18:18+00:00
488,user488@example.com,GB,paid_ad,verified,2026-01-13T02:15:05+00:00,2026-01-13T02:15:05+00:00
489,user489@example.com,GB,organic,verified,2026-01-14T12:20:59+00:00,2026-01-14T12:20:59+00:00
490,user490@example.com,KE,referral,rejected,2026-05-23T06:25:43+00:00,2026-05-23T06:25:43+00:00
491,user491@example.com,ZA,organic,verified,2026-01-13T13:51:11+00:00,2026-01-13T13:51:11+00:00
492,user492@example.com,KE,referral,pending,2026-05-25T01:38:23+00:00,2026-05-25T01:38:23+00:00
493,user493@example.com,GB,paid_ad,verified,2026-08-11T21:20:19+00:00,2026-08-11T21:20:19+00:00
494,user494@example.com,KE,paid_ad,verified,2026-06-04T13:56:46+00:00,2026-06-04T13:56:46+00:00
495,user495@example.com,US,organic,verified,2026-04-07T22:32:57+00:00,2026-04-07T22:32:57+00:00
496,user496@example.com,ID,referral,rejected,2026-07-13T19:25:36+00:00,2026-07-13T19:25:36+00:00
497,user497@example.com,PH,referral,verified,2026-02-15T17:36:43+00:00,2026-02-15T17:36:43+00:00
498,user498@example.com,ZA,referral,verified,2026-03-25T07:56:28+00:00,2026-03-25T07:56:28+00:00
499,user499@example.com,US,organic,pending,2026-03-19T17:47:50+00:00,2026-03-19T17:47:50+00:00
500,user500@example.com,GB,paid_ad,verified,2026-06-25T13:20:35+00:00,2026-06-25T13:20:35+00:00
